model,mae_30m,mae_60m,mae_90m
gbm_n300,10.400732,19.769388,26.268885
rf_n300,11.788252,20.682379,27.305235
step6_hybrid,12.208926,19.733961,26.090736
persistence,13.523813,22.9185,29.853626
ridge_a0.1,14.252736,21.593138,27.849325
gru_c2_zwh30a,15.510436,21.434572,26.999622
gru_c2_zwh30,15.725833,21.593447,27.196941
gru_c2_zw,16.545277,22.229101,27.749765
