mean_velocity,std_velocity,p50_abs_velocity,p90_abs_velocity,p95_abs_velocity,p99_abs_velocity
0.0020228954200804537,5.258936236130346,1.6666666666666714,6.666666666666657,9.0,17.0
