zone,n,p50_abs_velocity,p90_abs_velocity,p95_abs_velocity,p99_abs_velocity
hyper,67011,2.333333333333343,8.0,11.0,25.0
hypo,19199,1.0,4.333333333333329,5.666666666666671,11.0
in_range,221876,1.6666666666666714,6.333333333333329,8.666666666666657,15.666666666666657
