dayofweek,glucose_mean,glucose_median,hypo_pct,tir_pct,hyper_pct,n,dayofweek_label
0,145.63364775044568,137.33333333333334,5.050619952223865,71.62780116027756,23.32157888749858,43955,Mon
1,139.6784618433675,131.0,6.984256059271305,72.57346795870886,20.442275982019833,44271,Tue
2,137.88493338650574,130.33333333333334,7.136987909379035,73.44289235825802,19.420119732362952,42595,Wed
3,138.7301950075767,129.0,6.891243725599554,72.48410485220302,20.624651422197434,44825,Thu
4,143.30247288497898,134.0,6.243726159405742,71.21952307657989,22.536750764014364,44829,Fri
5,142.85269923836486,131.61676646706587,6.625498807321042,71.08812448447289,22.286376708206078,44857,Sat
6,141.78182985875583,132.0,7.18338629142079,69.65501588742625,23.161597821152974,44060,Sun
