zone,n,mean_velocity,std_velocity,p50_abs_velocity,p90_abs_velocity,p95_abs_velocity,p99_abs_velocity
hyper,67118,0.3112132627839593,7.462953043487046,2.333333333333343,8.0,11.0,25.333333333333314
hypo,20373,-0.4085346983333798,3.0654866823568296,1.0,4.0,5.666666666666664,11.0
in_range,221876,-0.053809863504677424,4.5611191510061,1.6666666666666714,6.333333333333329,8.666666666666657,15.666666666666657
